Physician ID,Physician Name,#Patients/mo,Predicted_Results,ConfidenceLevel,Location,#Contacts,#Response,OfficeETA(min),ExistingCustomer,Hospital,CustomFiled1,CustomFiled2,CustomFiled3,CustomFiled4,CustomFiled5
1xxxxxx1,DR. John Dow,20,3,10,MD,1,0,90,N,N,0.546526367,0.734870798,0.844460661,0.99545005,0.526922709
2xxxxxx2,MD. Jane Dow,39,21,8,MA,3,1,300,Y,Y,0.759162121,0.705451705,0.933311697,0.554339579,0.310529877
3xxxxxx3,MD. John Snow,43,35,10,PA,5,5,120,Y,Y,0.821986573,0.223693324,0.564183248,0.51294124,0.448922215
4xxxxxx4,MD. Jane Snow,19,3,1,PA,1,1,100,Y,N,0.472494841,0.557779402,0.955133359,0.293140546,0.14269693
5xxxxxx5,MD. Snow Dow,10,6,2,MD,0,0,45,N,N,0.220670164,0.319834382,0.344141201,0.401750158,0.019067427
6xxxxxx6,MD. Dow Snow,27,1,10,DC,0,0,60,N,N,0.645537705,0.880291894,0.192672832,0.819792521,0.572969783